"1","あぐらで座る男","＃リラックス","https://kage-raw.s3-ap-northeast-1.amazonaws.com/CR_%E3%81%82%E3%81%90%E3%82%89%E3%81%A7%E5%BA%A7%E3%82%8B%E7%94%B7.png","https://kage-raw.s3-ap-northeast-1.amazonaws.com/%EF%BC%97%E3%81%82%E3%81%90%E3%82%89%E3%81%A7%E5%BA%A7%E3%82%8B%E7%94%B7.png",NULL,NULL,"6otfob8lst",NULL,"＃休憩","＃手を地面につく","＃首をかしげる",NULL,NULL,NULL,NULL,NULL,NULL
"2","お盆を持つ女","＃レストラン","https://kage-raw.s3-ap-northeast-1.amazonaws.com/CR_%E3%81%8A%E7%9B%86%E3%82%92%E6%8C%81%E3%81%A4%E5%A5%B3.png","https://kage-raw.s3-ap-northeast-1.amazonaws.com/%EF%BC%92%E3%81%8A%E7%9B%86%E3%82%92%E6%8C%81%E3%81%A4%E5%A5%B3.png",NULL,NULL,"frr0efc6l7",NULL,"＃プレゼン","＃サザエさん",NULL,NULL,NULL,NULL,NULL,NULL,NULL
"3","グーサインする男","＃陽気","https://kage-raw.s3-ap-northeast-1.amazonaws.com/CR_%E3%82%B0%E3%83%BC%E3%82%B5%E3%82%A4%E3%83%B3%E3%81%99%E3%82%8B%E7%94%B7.png","https://kage-raw.s3-ap-northeast-1.amazonaws.com/%EF%BC%93%E3%82%B0%E3%83%BC%E3%82%B5%E3%82%A4%E3%83%B3%E3%81%99%E3%82%8B%E7%94%B7.png",NULL,NULL,"68fna23xj3",NULL,"＃大丈夫","＃グッジョブ","＃ジェスチャー",NULL,NULL,NULL,NULL,NULL,NULL
"4","ゴロンする猫","＃なごむ","https://kage-raw.s3-ap-northeast-1.amazonaws.com/CR_%E3%82%B4%E3%83%AD%E3%83%B3%E3%81%99%E3%82%8B%E7%8C%AB.png","https://kage-raw.s3-ap-northeast-1.amazonaws.com/%EF%BC%93%E3%82%B4%E3%83%AD%E3%83%B3%E3%81%99%E3%82%8B%E7%8C%AB.png",NULL,"2019-10-30 12:58:03","h7hair750e","ごろごろ","＃動物","＃ペット","＃かわいい",NULL,NULL,NULL,NULL,NULL,NULL
"5","リラックスして座る男","＃イケメン","https://kage-raw.s3-ap-northeast-1.amazonaws.com/CR_%E3%83%A9%E3%83%83%E3%82%AF%E3%82%B9%E3%81%97%E3%81%A6%E5%BA%A7%E3%82%8B%E7%94%B7.png","https://kage-raw.s3-ap-northeast-1.amazonaws.com/%EF%BC%98%E3%83%AA%E3%83%A9%E3%83%83%E3%82%AF%E3%82%B9%E3%81%97%E3%81%A6%E5%BA%A7%E3%82%8B%E7%94%B7.png",NULL,NULL,"18h05od8o4",NULL,"＃休憩","＃座る","＃モデル",NULL,NULL,NULL,NULL,NULL,NULL
"6","依頼する女","＃おねがい","https://kage-raw.s3-ap-northeast-1.amazonaws.com/CR_%E4%BE%9D%E9%A0%BC%E3%81%99%E3%82%8B%E5%A5%B3.png","https://kage-raw.s3-ap-northeast-1.amazonaws.com/%EF%BC%94%E4%BE%9D%E9%A0%BC%E3%81%99%E3%82%8B%E5%A5%B3.png",NULL,NULL,"ivy6fhdmia",NULL,"＃懇願","＃お辞儀","＃お礼","＃礼儀",NULL,NULL,NULL,NULL,NULL
"7","匂いを嗅ぐ猫","＃なごむ","https://kage-raw.s3-ap-northeast-1.amazonaws.com/CR_%E5%8C%82%E3%81%84%E3%82%92%E5%97%85%E3%81%90%E7%8C%AB.png","https://kage-raw.s3-ap-northeast-1.amazonaws.com/%EF%BC%94%E5%8C%82%E3%81%84%E3%82%92%E5%97%85%E3%81%90%E7%8C%AB.png",NULL,"2019-11-02 09:09:58","hrie4cyqge","さあｄｓｆｇ","＃動物","＃ペット","＃かわいい","＃クンクン",NULL,NULL,NULL,NULL,NULL
"8","可愛くポーズを決める女","＃モデル","https://kage-raw.s3-ap-northeast-1.amazonaws.com/CR_%E5%8F%AF%E6%84%9B%E3%81%8F%E3%83%9D%E3%83%BC%E3%82%BA%E3%82%92%E6%B1%BA%E3%82%81%E3%82%8B%E5%A5%B3.png","https://kage-raw.s3-ap-northeast-1.amazonaws.com/%EF%BC%97%E5%8F%AF%E6%84%9B%E3%81%8F%E3%83%9D%E3%83%BC%E3%82%BA%E3%82%92%E6%B1%BA%E3%82%81%E3%82%8B%E5%A5%B3.png",NULL,NULL,"ogiyqscj02",NULL,"＃かわいい","＃美しい","＃長身","＃美人",NULL,NULL,NULL,NULL,NULL
"9","壁にもたれる男","＃休憩","https://kage-raw.s3-ap-northeast-1.amazonaws.com/CR_%E5%A3%81%E3%81%AB%E3%82%82%E3%81%9F%E3%82%8C%E3%82%8B%E7%94%B7.png","https://kage-raw.s3-ap-northeast-1.amazonaws.com/%EF%BC%96%E5%A3%81%E3%81%AB%E3%82%82%E3%81%9F%E3%82%8C%E3%82%8B%E7%94%B7.png",NULL,"2019-10-30 12:56:13","2o6t05svqw","zxc","＃イケメン",NULL,NULL,NULL,NULL,NULL,NULL,NULL,NULL
"10","大胆にポーズを決める女","＃ちょっとエロい","https://kage-raw.s3-ap-northeast-1.amazonaws.com/CR_%E5%A4%A7%E8%83%86%E3%81%AB%E3%83%9D%E3%83%BC%E3%82%BA%E3%82%92%E6%B1%BA%E3%82%81%E3%82%8B%E5%A5%B3.png","https://kage-raw.s3-ap-northeast-1.amazonaws.com/%EF%BC%96%E5%A4%A7%E8%83%86%E3%81%AB%E3%83%9D%E3%83%BC%E3%82%BA%E3%82%92%E6%B1%BA%E3%82%81%E3%82%8B%E5%A5%B3.png",NULL,"2019-10-30 14:42:22","amfogrosin","ｆｇｈｊｋｌ","＃かわいい","＃美人","＃モデル","＃ヒール",NULL,NULL,NULL,NULL,NULL
"11","座る猫","＃なごむ","https://kage-raw.s3-ap-northeast-1.amazonaws.com/CR_%E5%BA%A7%E3%82%8B%E7%8C%AB.png","https://kage-raw.s3-ap-northeast-1.amazonaws.com/%EF%BC%92%E5%BA%A7%E3%82%8B%E7%8C%AB.png",NULL,"2019-11-03 09:23:50","kxnem0nxp3","sdfg","＃動物","＃ペット","＃かわいい",NULL,NULL,NULL,NULL,NULL,NULL
"12","手をつなぐ男女","＃カップル","https://kage-raw.s3-ap-northeast-1.amazonaws.com/CR_%E6%89%8B%E3%82%92%E3%81%A4%E3%81%AA%E3%81%90%E7%94%B7%E5%A5%B3.png","https://kage-raw.s3-ap-northeast-1.amazonaws.com/%EF%BC%91%E6%89%8B%E3%82%92%E3%81%A4%E3%81%AA%E3%81%90%E7%94%B7%E5%A5%B3.png",NULL,"2019-11-03 06:48:46","hkpgjennu4","sdfg","＃ロマンチック","＃愛にできることはまだあるかい",NULL,NULL,NULL,NULL,NULL,NULL,NULL
"13","手を前へ伸ばす男","＃シャドーボール","https://kage-raw.s3-ap-northeast-1.amazonaws.com/CR_%E6%89%8B%E3%82%92%E5%89%8D%E3%81%B8%E4%BC%B8%E3%81%B0%E3%81%99%E7%94%B7.png","https://kage-raw.s3-ap-northeast-1.amazonaws.com/%EF%BC%91%E6%89%8B%E3%82%92%E5%89%8D%E3%81%B8%E4%BC%B8%E3%81%B0%E3%81%99%E7%94%B7.png",NULL,"2019-11-02 11:56:06","1ue813t36e","たぐ","＃操作系","＃中二","＃アクション",NULL,NULL,NULL,NULL,NULL,NULL
"14","横を見つめる女","＃横顔","https://kage-raw.s3-ap-northeast-1.amazonaws.com/CR_%E6%A8%AA%E3%82%92%E8%A6%8B%E3%81%A4%E3%82%81%E3%82%8B%E5%A5%B3.png","https://kage-raw.s3-ap-northeast-1.amazonaws.com/%EF%BC%95%E6%A8%AA%E3%82%92%E8%A6%8B%E3%81%A4%E3%82%81%E3%82%8B%E5%A5%B3.png",NULL,NULL,"s8fqyor3w3",NULL,"＃ショートカット","＃美人",NULL,NULL,NULL,NULL,NULL,NULL,NULL
"15","空を指さす男","＃ポジティブ","https://kage-raw.s3-ap-northeast-1.amazonaws.com/CR_%E7%A9%BA%E3%82%92%E6%8C%87%E3%81%95%E3%81%99%E7%94%B7.png","https://kage-raw.s3-ap-northeast-1.amazonaws.com/%EF%BC%95%E7%A9%BA%E3%82%92%E6%8C%87%E3%81%95%E3%81%99%E7%94%B7.png",NULL,"2019-11-02 09:09:12","3dyqomanil","さｄｆｇｈｊ","＃見つけた","＃発見","＃夢",NULL,NULL,NULL,NULL,NULL,NULL
"16","紹介する女","＃いかがでしょうか","https://kage-raw.s3-ap-northeast-1.amazonaws.com/CR_%E7%B4%B9%E4%BB%8B%E3%81%99%E3%82%8B%E5%A5%B3.png","https://kage-raw.s3-ap-northeast-1.amazonaws.com/%EF%BC%93%E7%B4%B9%E4%BB%8B%E3%81%99%E3%82%8B%E5%A5%B3.png",NULL,"2019-11-02 09:32:33","dmbu7yqdgy","sdfg","＃レストラン","＃店員",NULL,NULL,NULL,NULL,NULL,NULL,NULL
"17","腰に手を当てる女","＃決まった","https://kage-raw.s3-ap-northeast-1.amazonaws.com/CR_%E8%85%B0%E3%81%AB%E6%89%8B%E3%82%92%E5%BD%93%E3%81%A6%E3%82%8B%E5%A5%B3.png","https://kage-raw.s3-ap-northeast-1.amazonaws.com/%EF%BC%91%E8%85%B0%E3%81%AB%E6%89%8B%E3%82%92%E5%BD%93%E3%81%A6%E3%82%8B%E5%A5%B3.png",NULL,"2019-11-02 09:15:17","0dag0lm8ou","test","＃誘惑","＃モデル",NULL,NULL,NULL,NULL,NULL,NULL,NULL
"18","落ち込む男","＃もうダメだ死にたい","https://kage-raw.s3-ap-northeast-1.amazonaws.com/CR_%E8%90%BD%E3%81%A1%E8%BE%BC%E3%82%80%E7%94%B7.png","https://kage-raw.s3-ap-northeast-1.amazonaws.com/%EF%BC%94%E8%90%BD%E3%81%A1%E8%BE%BC%E3%82%80%E7%94%B7.png",NULL,"2019-11-03 07:13:56","n8kdht8iqv","asdrf","＃落胆","＃がっかり","＃絶望","＃土下座","＃死にたい",NULL,NULL,NULL,NULL
"19","触ろうとする猫","＃なごむ","https://kage-raw.s3-ap-northeast-1.amazonaws.com/CR_%E8%A7%A6%E3%82%8D%E3%81%86%E3%81%A8%E3%81%99%E3%82%8B%E7%8C%AB.png","https://kage-raw.s3-ap-northeast-1.amazonaws.com/%EF%BC%91%E8%A7%A6%E3%82%8D%E3%81%86%E3%81%A8%E3%81%99%E3%82%8B%E7%8C%AB.png",NULL,"2019-11-02 09:03:31","t3ewubngal","かわゆす","＃動物","＃ペット","＃かわいい","＃好奇心","＃にゃんだこれは？",NULL,NULL,NULL,NULL
"20","遠くを眺める男","＃遠い","https://kage-raw.s3-ap-northeast-1.amazonaws.com/CR_%E9%81%A0%E3%81%8F%E3%82%92%E7%9C%BA%E3%82%81%E3%82%8B%E7%94%B7.png","https://kage-raw.s3-ap-northeast-1.amazonaws.com/%EF%BC%92%E9%81%A0%E3%81%8F%E3%82%92%E7%9C%BA%E3%82%81%E3%82%8B%E7%94%B7.png","2019-10-02 00:00:00","2019-11-01 13:26:13","ll2ljqsanm","見えねえ！","＃飛行機","＃まだ？","＃どこ？",NULL,NULL,NULL,NULL,NULL,NULL
